Responsable,Nombre del conjunto,Nombre del recurso,¿De qué es?,¿Tiene datos privados?,Razón por la cual los datos son privados,"¿En qué plataforma, tecnología, programa o sistema se albergan?",Fecha estimada de publicación en datos.gob.mx,Frecuencia con la que actualizan
Administrador Institucional de Datos,LOCALIZACIÓN DE CENTROS DE ATENCIÓN Y CFEMÁTICOS,LOCALIZACIÓN DE CENTROS DE ATENCIÓN Y CFEMÁTICOS,Ubicación con georeferencia,Publico,,csv,2015-10-27,irregular
Administrador Institucional de Datos,Localización de Centros de Atención y Cfemáticos,Centros de atención por estado,Ubicación con georeferencia,Publico,,csv,2015-09-05,trimestral
Administrador Institucional de Datos,Electrificación por Entidad Federativa,Cobertura de electrificación 2005 a 2015,Información sobre el nivel de electrificación desglosado por entidad federativa,Publico,,csv,2015-09-05,trimestral
Enlace Transversal,Cadenas Productivas,Cadenas Productivas 2015,"Evolución del programa 2015, para apoyar a proveedores y contratistas, mediante el factoraje de sus pagos",Publico,,text/csv,2015-09-05,trimestral
Enlace Institucional,Catálogo de Puestos y Salarios,Catálogo de Puestos y Salários,Catálogo de Puestos y Salarios,Publico,,csv,2015-06-30,anual
ENLACE INSTITUCIONAL,Usuarios y consumo de electricidad por municipio (2010-2017),Información referente a las ventas y suministro de energía a usuarios de cada municipio por entidad federativa,Información referente a las ventas y suministro de energía a usuarios de cada municipio por entidad federativa,Publico,,csv,2015-09-05,trimestral
Enlace Institucional,Líneas Instaladas y Capacidad Instalada de Subestaciones de Transmisión y Distribución,Capacidad de la red eléctrica,Capacidad de la red eléctrica,Publico,,csv,2015-09-05,mensual
Administrador Institucional de Datos,ELECTRIFICACIÓN POR ENTIDAD FEDERATIVA,ELECTRIFICACIÓN POR ENTIDAD FEDERATIVA,Información sobre el nivel de electrificación desglosado por entidad federativa,Publico,,csv,2015-10-27,
Enlace Institucional,Plan de Apertura Institucional de CFE,Plan de Apertura Institucional de CFE,Plan de Apertura Institucional de CFE,Publico,,csv,2015-09-25,irregular
Enlace Institucional,Inventario Institucional de Datos de CFE,Inventario Institucional de Datos de CFE,Inventario Institucional de Datos de CFE,Publico,,xlsx,2015-08-28,irregular
Enlace Institucional,"Contratos de Adquisición, Arrendamientos y Servicios",Contratos de bienes y servicios,Contratos de bienes y servicios,Publico,,csv,2015-09-05,mensual
Administrador Institucional de Datos,CADENAS PRODUCTIVAS,CADENAS PRODUCTIVAS,"Evolución de los programas, para apoyar a proveedores y contratistas, mediante el factoraje de sus pagos",Publico,,csv,2015-10-27,
Responsable de Datos Abiertos,Usuarios y consumo de electricidad por municipio (A partir de 2018),Usuarios y consumo de electricidad por municipio (A partir de 2018),"Usuarios en la Tarifa Final de Suministro Básico y consumo de energía eléctrica por municipio, a partir de la nueva estructura tarifaria expedida por la Comisión Reguladora de Energía con base en el el artículo 138 de la Ley de la Industria Eléctrica.",Publico,,text/csv,2018-06-15,mensual
